time,some 10,some 60,some 300
2025-03-20 20:56:58,0,0,0
2025-03-20 20:56:56,0,0,0
2025-03-20 20:56:54,0,0,0
2025-03-20 20:56:52,0,0,0
2025-03-20 20:56:50,0,0,0
2025-03-20 20:56:48,0,0,0
2025-03-20 20:56:46,0,0,0
2025-03-20 20:56:44,0,0,0
2025-03-20 20:56:42,0,0,0
2025-03-20 20:56:40,0,0,0
2025-03-20 20:56:38,0,0,0
2025-03-20 20:56:36,0,0,0
2025-03-20 20:56:34,0,0,0
2025-03-20 20:56:32,0,0,0
2025-03-20 20:56:30,0,0,0
2025-03-20 20:56:28,0,0,0
2025-03-20 20:56:26,0,0,0
2025-03-20 20:56:24,0,0,0
2025-03-20 20:56:22,0,0,0
2025-03-20 20:56:20,0,0,0
2025-03-20 20:56:18,0,0,0
2025-03-20 20:56:16,0,0,0
2025-03-20 20:56:14,0,0,0
2025-03-20 20:56:12,0,0,0
2025-03-20 20:56:10,0,0,0
2025-03-20 20:56:08,0,0,0
2025-03-20 20:56:06,0,0,0
2025-03-20 20:56:04,0,0,0
2025-03-20 20:56:02,0,0,0
2025-03-20 20:56:00,0,0,0
