time,active
2025-03-20 20:56:58,1943
2025-03-20 20:56:57,1943
2025-03-20 20:56:56,1943
2025-03-20 20:56:55,1943
2025-03-20 20:56:54,1943
2025-03-20 20:56:53,1943
2025-03-20 20:56:52,1943
2025-03-20 20:56:51,1943
2025-03-20 20:56:50,1943
2025-03-20 20:56:49,1943
2025-03-20 20:56:48,1943
2025-03-20 20:56:47,1943
2025-03-20 20:56:46,1943
2025-03-20 20:56:45,1943
2025-03-20 20:56:44,1943
2025-03-20 20:56:43,1943
2025-03-20 20:56:42,1943
2025-03-20 20:56:41,1943
2025-03-20 20:56:40,1943
2025-03-20 20:56:39,1943
2025-03-20 20:56:38,1943
2025-03-20 20:56:37,1943
2025-03-20 20:56:36,1943
2025-03-20 20:56:35,1943
2025-03-20 20:56:34,1943
2025-03-20 20:56:33,1943
2025-03-20 20:56:32,1943
2025-03-20 20:56:31,1943
2025-03-20 20:56:30,1943
2025-03-20 20:56:29,1943
2025-03-20 20:56:28,1943
2025-03-20 20:56:27,1943
2025-03-20 20:56:26,1945
2025-03-20 20:56:25,1945
2025-03-20 20:56:24,1945
2025-03-20 20:56:23,1943
2025-03-20 20:56:22,1943
2025-03-20 20:56:21,1943
2025-03-20 20:56:20,1943
2025-03-20 20:56:19,1963
2025-03-20 20:56:18,1963
2025-03-20 20:56:17,1963
2025-03-20 20:56:16,1950
2025-03-20 20:56:15,1972
2025-03-20 20:56:14,1972
2025-03-20 20:56:13,1972
2025-03-20 20:56:12,1972
2025-03-20 20:56:11,1972
2025-03-20 20:56:10,1972
2025-03-20 20:56:09,1972
2025-03-20 20:56:08,1972
2025-03-20 20:56:07,1972
2025-03-20 20:56:06,1972
2025-03-20 20:56:05,1972
2025-03-20 20:56:04,1972
2025-03-20 20:56:03,1972
2025-03-20 20:56:02,1972
2025-03-20 20:56:01,1972
2025-03-20 20:56:00,1972
2025-03-20 20:55:59,1972
2025-03-20 20:55:58,1972
