time,rss
2025-03-21 16:24:08,170.9102
2025-03-21 16:24:07,170.9102
2025-03-21 16:24:06,170.9102
2025-03-21 16:24:05,170.9102
2025-03-21 16:24:04,170.9102
2025-03-21 16:24:03,170.9102
2025-03-21 16:24:02,170.9102
2025-03-21 16:24:01,170.9102
2025-03-21 16:24:00,170.9102
2025-03-21 16:23:59,170.9102
2025-03-21 16:23:58,170.9102
2025-03-21 16:23:57,170.9102
2025-03-21 16:23:56,170.9102
2025-03-21 16:23:55,170.9102
2025-03-21 16:23:54,170.9102
2025-03-21 16:23:53,170.9102
2025-03-21 16:23:52,170.9102
2025-03-21 16:23:51,170.9102
2025-03-21 16:23:50,170.9102
2025-03-21 16:23:49,170.9102
2025-03-21 16:23:48,170.9102
2025-03-21 16:23:47,170.9102
2025-03-21 16:23:46,170.9102
2025-03-21 16:23:45,170.9102
2025-03-21 16:23:44,170.9102
2025-03-21 16:23:43,170.9102
2025-03-21 16:23:42,170.9102
2025-03-21 16:23:41,170.9102
2025-03-21 16:23:40,170.9102
2025-03-21 16:23:39,170.9102
2025-03-21 16:23:38,170.9102
2025-03-21 16:23:37,170.9102
2025-03-21 16:23:36,170.9102
2025-03-21 16:23:35,170.9102
2025-03-21 16:23:34,170.9102
2025-03-21 16:23:33,170.9102
2025-03-21 16:23:32,170.9102
2025-03-21 16:23:31,170.9102
2025-03-21 16:23:30,170.9102
2025-03-21 16:23:29,170.9102
2025-03-21 16:23:28,170.9102
2025-03-21 16:23:27,170.9102
2025-03-21 16:23:26,170.9102
2025-03-21 16:23:25,170.9102
2025-03-21 16:23:24,170.9102
2025-03-21 16:23:23,170.9102
2025-03-21 16:23:22,170.9102
2025-03-21 16:23:21,170.9102
2025-03-21 16:23:20,170.9102
2025-03-21 16:23:19,170.9102
2025-03-21 16:23:18,170.9102
2025-03-21 16:23:17,170.9102
2025-03-21 16:23:16,170.9102
2025-03-21 16:23:15,170.9102
2025-03-21 16:23:14,170.9102
2025-03-21 16:23:13,170.9102
2025-03-21 16:23:12,170.9102
2025-03-21 16:23:11,170.9102
2025-03-21 16:23:10,170.9102
2025-03-21 16:23:09,170.9102
2025-03-21 16:23:08,170.9102
2025-03-21 16:23:07,170.9102
2025-03-21 16:23:06,170.9102
2025-03-21 16:23:05,170.9102
2025-03-21 16:23:04,170.9102
2025-03-21 16:23:03,170.9102
2025-03-21 16:23:02,170.9102
2025-03-21 16:23:01,170.9102
2025-03-21 16:23:00,170.9102
2025-03-21 16:22:59,170.9102
2025-03-21 16:22:58,170.9102
