time,threads
2025-03-21 16:10:15,43
2025-03-21 16:10:14,43
2025-03-21 16:10:13,43
2025-03-21 16:10:12,43
2025-03-21 16:10:11,43
2025-03-21 16:10:10,43
2025-03-21 16:10:09,43
2025-03-21 16:10:08,43
2025-03-21 16:10:07,43
2025-03-21 16:10:06,43
2025-03-21 16:10:05,43
2025-03-21 16:10:04,43
2025-03-21 16:10:03,43
2025-03-21 16:10:02,43
2025-03-21 16:10:01,43
2025-03-21 16:10:00,43
2025-03-21 16:09:59,43
2025-03-21 16:09:58,43
2025-03-21 16:09:57,43
2025-03-21 16:09:56,32
2025-03-21 16:09:55,32
2025-03-21 16:09:54,32
2025-03-21 16:09:53,32
2025-03-21 16:09:52,32
2025-03-21 16:09:51,32
2025-03-21 16:09:50,32
2025-03-21 16:09:49,32
2025-03-21 16:09:48,32
2025-03-21 16:09:47,32
2025-03-21 16:09:46,32
2025-03-21 16:09:45,32
2025-03-21 16:09:44,32
2025-03-21 16:09:43,32
2025-03-21 16:09:42,32
2025-03-21 16:09:41,32
2025-03-21 16:09:40,32
2025-03-21 16:09:39,32
2025-03-21 16:09:38,32
2025-03-21 16:09:37,32
2025-03-21 16:09:36,32
2025-03-21 16:09:35,32
2025-03-21 16:09:34,32
2025-03-21 16:09:33,32
2025-03-21 16:09:32,32
2025-03-21 16:09:31,32
2025-03-21 16:09:30,32
2025-03-21 16:09:29,32
2025-03-21 16:09:28,32
2025-03-21 16:09:27,32
2025-03-21 16:09:26,32
2025-03-21 16:09:25,32
2025-03-21 16:09:24,32
2025-03-21 16:09:23,32
2025-03-21 16:09:22,32
2025-03-21 16:09:21,32
2025-03-21 16:09:20,32
2025-03-21 16:09:19,32
2025-03-21 16:09:18,32
2025-03-21 16:09:17,32
2025-03-21 16:09:16,32
2025-03-21 16:09:15,32
